File_Time,Short_URL,Long_URL,File_Name,GPS_X,GPS_Y,MD5,SHA1
2016-07-16 09:35:35,http://me2.do/5gCPJlT0,https://osint.xyz/bob/우ahh하ga.jpg,우ahh하ga.jpg,37.4556722222222,126.446913888889,e23a9d4535aedb2689cf79e2e9f3482a,25c2708355f7589c656bf53518061842aba3a54a
2016-07-16 01:46:35,https://goo.gl/ea7g7R,https://upload.wikimedia.org/wikipedia/ko/thumb/a/a5/902_김포공항_승강장.JPG/1600px-902_김포공항_승강장.JPG,1600px-902_김포공항_승강장.JPG,,,d7eff067c6123823d54370d7e7e00c4d,27e94cbfd0012828aea9320b922e55960556da2d
2016-07-16 09:34:06,http://me2.do/xWbrYn85,https://osint.xyz/bob/whereami.jpg,whereami.jpg,37.455058964552,126.443291902571,32940465efe53a18db20d485efda5cb4,086cdc80658319d751438d1d2b4f70a98936e35e
2016-07-17 14:27:44,https://goo.gl/LQduCh,https://cdn0.vox-cdn.com/assets/4589853/crowdstrike-intelligence-report-putter-panda.original.pdf,crowdstrike-intelligence-report-putter-panda.original.pdf,,,536cf64f91e44d801834b6a2b2c2d140,9a9f4f5d3a055364fdcb035225e04fc836578436
2016-07-17 14:24:37,https://goo.gl/aad8aa,https://osint.xyz/bob/미친소.jpg,미친소.jpg,25.3072805555556,83.0102527777778,9ab4269110a0fb85928bf2f9fa478a00,240a51e53b8aa94d1428c407fe634a78e41d5d0c
2016-07-17 14:23:29,https://goo.gl/iE47pT,https://goo.gl/iE47pT,iE47pT,,,d5b7e097b13cb09a0c4532b098e13374,6caea3703e423efc51250224976caa339dc85c3b
2016-07-17 14:22:35,https://goo.gl/X34axu,https://osint.xyz/bob/おいしい.jpg,おいしい.jpg,25.3061166666667,83.0090333333333,9b0709a5653071c6697369b968d36bbc,f520909ba28d233320bf55ec1456f6e3292bb169
2016-07-18 15:35:51,http://goo.gl/2qsypf,http://osint.xyz/bob/Future_of_India.jpg,Future_of_India.jpg,25.3065083333333,83.0099638888889,c872409791d68c97884fc8c2c6c4def9,c6a0dab9f4be5983043fa921a643178f74ba4e53
2016-07-18 15:19:56,https://goo.gl/euXEd9,http://www.akamai.com/uk/en/multimedia/documents/state-of-the-internet/ssdp-reflection-ddos-attacks-threat-advisory.pdf,ssdp-reflection-ddos-attacks-threat-advisory.pdf,,,8659c671b7ff89d6ac4b71db9e2f16f0,d04166dd2dee8168f0b1a9c48df4547a76b75d9c
2016-07-18 15:37:09,https://goo.gl/kjhof3,https://osint.xyz/bob/Why...jpg,Why...jpg,25.3064472222222,83.0100555555556,4cb8892f24e1da9f1732a293ef55c9a0,06be8eb1bc40f45fede158d5d6e423b414339f67
2016-07-20 05:32:51,http://goo.gl/dCdXG9,http://osint.xyz/bob/역대최고피자.jpg,역대최고피자.jpg,32.2382888888889,76.3232722222222,451c6894abf9c44d394781c320544783,32975a100fd62fd9692a24a01ad4f2542286b1f6
2016-07-20 05:31:59,https://goo.gl/jlUy8D,https://osint.xyz/bob/티bet.jpg,티bet.jpg,32.237975,76.3240055555556,22c0161a32c375aad63b709a49ec4eb1,b1ab67aca0ade86d0bef6420e33417c49365a13f
2016-07-21 12:18:41,http://grep.kr/tqTp,https://osint.xyz/bob/해발3000미터에서라면.jpg,해발3000미터에서라면.jpg,32.26155,76.3542027777778,ea042c8a82ea79ee607ed8bbfb188252,eaac992599688da76c99f9f628ddc89ca87a84ab
2016-07-22 11:49:23,http://grep.kr/M7dj,https://osint.xyz/bob/HotChocowith럼주.jpg,HotChocowith럼주.jpg,32.2549388888889,77.1769638888889,3d08c2bc9fa427d40db8dec755646e06,a11d93630d9fa975a022ff61b3047768f276c6e5
2016-07-22 11:47:59,http://grep.kr/sc5f,https://osint.xyz/bob/0.jpg,0.jpg,32.254075,77.1771611111111,461b38e98fd71466e633b9e4c79a252f,530e40b5cae64a1a37c34bb803cd05670c926456
2016-07-22 11:47:12,http://grep.kr/fxhc,https://osint.xyz/bob/비bimbab.jpg,비bimbab.jpg,32.2548027777778,77.176925,c6ab9a7788835ed7500f62c5a33b389c,2c9d7209504f50f7a42b2fc7764d3ffb2a3d23d2
2016-07-29 13:59:31,http://grep.kr/N3kO,https://osint.xyz/bob/너moo높아.jpg,너moo높아.jpg,34.0467416666667,77.9303666666667,8afdd82d4923b1fcbf7f32c6429f5a00,b287834979a26595dc958ca4e68fd719abc3574d
2016-07-29 14:00:37,http://grep.kr/PUY6,https://osint.xyz/bob/ThreeIdiots.jpg,ThreeIdiots.jpg,33.8068055555556,78.5923305555555,99e0d7453a783d7a5c428b87607bd4d4,b535422a4b9ef949a315fbad91a8f5cfd5749e32
2016-07-29 14:09:27,http://grep.kr/jzAJ,https://osint.xyz/bob/Delhi.jpg,Delhi.jpg,-71.9950158406879,163.631226909722,d4b05d4e20e22cc9b1d925d0b8a124c4,4194e8b7e1acd5c0848d7787d1495d7cb05c5ff5
